sub_id,customer_id,plan,start_date,end_date,status,monthly_value
SUB-CUST-0001,CUST-0001,Basic,2023-10-24,2024-03-16,churned,317.48
SUB-CUST-0002,CUST-0002,Enterprise,2023-08-01,2023-12-28,churned,322.22
SUB-CUST-0003,CUST-0003,Pro,2023-03-30,,active,800.5
SUB-CUST-0004,CUST-0004,Basic,2023-09-10,2024-11-25,churned,865.79
SUB-CUST-0005,CUST-0005,Basic,2023-09-17,2023-12-08,churned,102.83
SUB-CUST-0006,CUST-0006,Enterprise,2024-04-12,2024-05-23,churned,134.99
SUB-CUST-0007,CUST-0007,Enterprise,2023-09-27,2024-12-24,churned,18.55
SUB-CUST-0008,CUST-0008,Pro,2023-06-05,2024-02-23,churned,792.5
SUB-CUST-0009,CUST-0009,Pro,2024-07-26,,active,2520.5
SUB-CUST-0010,CUST-0010,Enterprise,2023-09-21,2024-10-04,churned,216.54
SUB-CUST-0011,CUST-0011,Pro,2023-06-29,,active,471.12
SUB-CUST-0012,CUST-0012,Basic,2024-04-26,,active,889.15
SUB-CUST-0013,CUST-0013,Enterprise,2023-11-02,,active,65.55
SUB-CUST-0014,CUST-0014,Pro,2023-06-08,,active,576.55
SUB-CUST-0015,CUST-0015,Enterprise,2024-07-19,2024-12-05,churned,235.25
SUB-CUST-0016,CUST-0016,Basic,2024-10-05,2024-11-09,churned,298.38
SUB-CUST-0017,CUST-0017,Pro,2024-03-03,2024-05-04,churned,853.66
SUB-CUST-0018,CUST-0018,Basic,2024-04-01,,active,978.78
SUB-CUST-0019,CUST-0019,Basic,2023-01-24,,active,2360.7
SUB-CUST-0020,CUST-0020,Basic,2024-03-25,2024-08-30,churned,42.92
SUB-CUST-0021,CUST-0021,Enterprise,2023-05-05,,active,2193.78
SUB-CUST-0022,CUST-0022,Enterprise,2024-06-30,,active,89.39
SUB-CUST-0023,CUST-0023,Pro,2024-08-05,2024-12-19,churned,378.2
SUB-CUST-0024,CUST-0024,Basic,2023-04-02,2024-09-10,churned,190.84
SUB-CUST-0025,CUST-0025,Enterprise,2023-05-05,2024-03-01,churned,167.82
SUB-CUST-0026,CUST-0026,Enterprise,2024-11-22,2024-12-25,churned,45.52
SUB-CUST-0027,CUST-0027,Pro,2023-08-09,2024-05-29,churned,31.84
SUB-CUST-0028,CUST-0028,Enterprise,2023-06-25,2024-03-16,churned,133.52
SUB-CUST-0029,CUST-0029,Pro,2023-12-18,2024-02-02,churned,206.78
SUB-CUST-0030,CUST-0030,Enterprise,2023-09-15,2024-10-19,churned,170.35
SUB-CUST-0031,CUST-0031,Basic,2023-06-09,2023-10-13,churned,167.24
SUB-CUST-0032,CUST-0032,Basic,2023-05-15,2023-09-22,churned,165.76
SUB-CUST-0033,CUST-0033,Enterprise,2024-07-21,,active,1437.08
SUB-CUST-0034,CUST-0034,Pro,2023-11-18,2024-01-25,churned,118.64
SUB-CUST-0035,CUST-0035,Basic,2023-07-21,2024-12-28,churned,298.82
SUB-CUST-0036,CUST-0036,Basic,2024-10-25,,active,169.34
SUB-CUST-0037,CUST-0037,Pro,2024-11-15,,active,146.61
SUB-CUST-0038,CUST-0038,Enterprise,2024-02-22,,active,810.62
SUB-CUST-0039,CUST-0039,Enterprise,2024-03-11,2024-05-11,churned,103.43
SUB-CUST-0040,CUST-0040,Enterprise,2023-10-22,,active,168.2
SUB-CUST-0041,CUST-0041,Basic,2024-05-12,2024-11-10,churned,3.93
SUB-CUST-0042,CUST-0042,Basic,2024-05-20,2024-11-18,churned,271.57
SUB-CUST-0043,CUST-0043,Basic,2023-02-28,2023-12-22,churned,194.92
SUB-CUST-0044,CUST-0044,Pro,2024-05-25,2024-10-19,churned,81.72
SUB-CUST-0045,CUST-0045,Basic,2023-02-20,,active,997.92
SUB-CUST-0046,CUST-0046,Basic,2023-12-07,2024-02-10,churned,392.59
SUB-CUST-0047,CUST-0047,Enterprise,2023-11-19,2024-10-27,churned,257.44
SUB-CUST-0048,CUST-0048,Basic,2024-08-13,,active,687.67
SUB-CUST-0049,CUST-0049,Pro,2024-04-03,2024-07-11,churned,75.76
SUB-CUST-0050,CUST-0050,Pro,2024-06-29,,active,442.31
SUB-CUST-0051,CUST-0051,Pro,2023-04-29,2024-08-04,churned,276.04
SUB-CUST-0052,CUST-0052,Basic,2024-06-21,,active,81.7
SUB-CUST-0053,CUST-0053,Enterprise,2024-10-14,,active,378.2
SUB-CUST-0054,CUST-0054,Basic,2024-02-01,,active,3330.04
SUB-CUST-0055,CUST-0055,Basic,2024-09-20,,active,282.27
SUB-CUST-0056,CUST-0056,Pro,2023-02-15,2024-10-10,churned,766.19
SUB-CUST-0057,CUST-0057,Basic,2024-04-15,2024-12-05,churned,11.6
SUB-CUST-0058,CUST-0058,Enterprise,2024-03-14,2024-11-09,churned,280.12
SUB-CUST-0059,CUST-0059,Pro,2023-12-12,2024-01-30,churned,224.32
SUB-CUST-0060,CUST-0060,Basic,2023-01-22,,active,2841.21
SUB-CUST-0061,CUST-0061,Pro,2023-07-23,2023-09-26,churned,578.53
SUB-CUST-0062,CUST-0062,Basic,2024-06-15,2024-07-22,churned,889.72
SUB-CUST-0063,CUST-0063,Pro,2023-05-07,2024-08-23,churned,987.5
SUB-CUST-0064,CUST-0064,Basic,2023-02-09,2024-10-21,churned,657.48
SUB-CUST-0065,CUST-0065,Enterprise,2023-04-11,,active,301.18
SUB-CUST-0066,CUST-0066,Enterprise,2024-10-25,,active,286.22
SUB-CUST-0067,CUST-0067,Pro,2023-02-05,2024-04-28,churned,509.93
SUB-CUST-0068,CUST-0068,Pro,2024-09-22,,active,434.1
SUB-CUST-0069,CUST-0069,Pro,2024-10-09,2024-11-21,churned,257.43
SUB-CUST-0070,CUST-0070,Enterprise,2023-09-03,2024-06-01,churned,609.07
SUB-CUST-0071,CUST-0071,Basic,2023-10-18,2024-01-03,churned,214.96
SUB-CUST-0072,CUST-0072,Enterprise,2024-01-29,2024-10-28,churned,1589.42
SUB-CUST-0073,CUST-0073,Pro,2024-06-07,2024-10-13,churned,206.44
SUB-CUST-0074,CUST-0074,Basic,2024-09-13,,active,220.91
SUB-CUST-0075,CUST-0075,Enterprise,2024-08-11,2024-09-16,churned,288.49
SUB-CUST-0076,CUST-0076,Enterprise,2023-11-14,,active,860.19
SUB-CUST-0077,CUST-0077,Pro,2024-06-15,2024-11-21,churned,43.68
SUB-CUST-0078,CUST-0078,Pro,2024-04-02,,active,3974.62
SUB-CUST-0079,CUST-0079,Pro,2023-01-13,,active,3085.2
SUB-CUST-0080,CUST-0080,Basic,2023-10-21,2024-08-22,churned,463.91
SUB-CUST-0081,CUST-0081,Pro,2024-06-15,2024-07-31,churned,222.49
SUB-CUST-0082,CUST-0082,Pro,2023-04-05,2024-07-08,churned,590.63
SUB-CUST-0083,CUST-0083,Basic,2023-02-10,,active,4062.38
SUB-CUST-0084,CUST-0084,Pro,2024-06-10,,active,4413.79
SUB-CUST-0085,CUST-0085,Pro,2023-08-10,,active,490.78
SUB-CUST-0086,CUST-0086,Enterprise,2024-02-12,,active,887.51
SUB-CUST-0087,CUST-0087,Enterprise,2024-01-06,2024-03-18,churned,29.0
SUB-CUST-0088,CUST-0088,Pro,2024-10-19,,active,1726.92
SUB-CUST-0089,CUST-0089,Pro,2024-02-09,2024-10-11,churned,239.31
SUB-CUST-0090,CUST-0090,Pro,2024-05-20,,active,183.85
SUB-CUST-0091,CUST-0091,Basic,2024-06-14,,active,3607.02
SUB-CUST-0092,CUST-0092,Basic,2024-10-04,,active,466.74
SUB-CUST-0093,CUST-0093,Basic,2023-06-02,2023-10-27,churned,479.11
SUB-CUST-0094,CUST-0094,Pro,2023-06-10,,active,949.29
SUB-CUST-0095,CUST-0095,Enterprise,2024-03-16,2024-06-06,churned,221.65
SUB-CUST-0096,CUST-0096,Pro,2024-06-13,2024-11-26,churned,3263.73
SUB-CUST-0097,CUST-0097,Pro,2023-06-30,,active,538.52
SUB-CUST-0098,CUST-0098,Pro,2023-03-31,2023-10-03,churned,31.14
SUB-CUST-0099,CUST-0099,Pro,2024-10-07,,active,942.81
SUB-CUST-0100,CUST-0100,Pro,2023-11-24,,active,110.37
SUB-CUST-0101,CUST-0101,Pro,2024-07-18,,active,3279.4
SUB-CUST-0102,CUST-0102,Pro,2024-09-20,,active,1727.36
SUB-CUST-0103,CUST-0103,Basic,2023-08-29,,active,3804.74
SUB-CUST-0104,CUST-0104,Basic,2023-09-15,2024-11-06,churned,229.02
SUB-CUST-0105,CUST-0105,Enterprise,2023-06-11,2024-08-28,churned,53.31
SUB-CUST-0106,CUST-0106,Pro,2024-05-04,,active,557.95
SUB-CUST-0107,CUST-0107,Basic,2023-10-09,2024-03-05,churned,162.44
SUB-CUST-0108,CUST-0108,Basic,2023-07-15,2023-11-16,churned,182.97
SUB-CUST-0109,CUST-0109,Basic,2023-06-24,2024-05-08,churned,196.4
SUB-CUST-0110,CUST-0110,Basic,2023-11-11,2024-09-09,churned,93.86
SUB-CUST-0111,CUST-0111,Enterprise,2023-07-06,2023-12-12,churned,27.11
SUB-CUST-0112,CUST-0112,Pro,2023-10-25,,active,3296.26
SUB-CUST-0113,CUST-0113,Basic,2024-04-07,2024-06-05,churned,12.37
SUB-CUST-0114,CUST-0114,Enterprise,2024-07-05,2024-09-11,churned,206.36
SUB-CUST-0115,CUST-0115,Enterprise,2023-06-11,2024-02-27,churned,5.8
SUB-CUST-0116,CUST-0116,Pro,2023-02-28,2024-06-11,churned,14.57
SUB-CUST-0117,CUST-0117,Basic,2024-09-04,,active,817.32
SUB-CUST-0118,CUST-0118,Basic,2023-04-28,2023-08-12,churned,409.78
SUB-CUST-0119,CUST-0119,Pro,2023-07-04,2024-03-27,churned,715.07
SUB-CUST-0120,CUST-0120,Enterprise,2024-05-27,2024-12-03,churned,107.36
SUB-CUST-0121,CUST-0121,Basic,2023-07-04,2024-05-01,churned,105.2
SUB-CUST-0122,CUST-0122,Pro,2023-08-28,2024-07-14,churned,125.9
SUB-CUST-0123,CUST-0123,Enterprise,2023-07-07,2024-05-10,churned,512.56
SUB-CUST-0124,CUST-0124,Enterprise,2024-02-21,,active,198.51
SUB-CUST-0125,CUST-0125,Enterprise,2023-10-11,2024-08-30,churned,106.23
SUB-CUST-0126,CUST-0126,Enterprise,2023-07-21,2024-05-11,churned,833.41
SUB-CUST-0127,CUST-0127,Basic,2024-04-09,2024-09-11,churned,195.33
SUB-CUST-0128,CUST-0128,Pro,2024-09-14,2024-11-03,churned,129.26
SUB-CUST-0129,CUST-0129,Basic,2023-02-07,2024-09-22,churned,285.3
SUB-CUST-0130,CUST-0130,Pro,2024-10-13,,active,129.82
SUB-CUST-0131,CUST-0131,Enterprise,2024-01-30,2024-06-04,churned,679.27
SUB-CUST-0132,CUST-0132,Basic,2024-01-24,2024-11-30,churned,831.23
SUB-CUST-0133,CUST-0133,Enterprise,2023-06-07,2024-03-08,churned,2938.85
SUB-CUST-0134,CUST-0134,Pro,2023-06-03,2023-10-27,churned,686.02
SUB-CUST-0135,CUST-0135,Pro,2023-03-11,,active,800.91
SUB-CUST-0136,CUST-0136,Basic,2024-10-22,2024-12-15,churned,11.94
SUB-CUST-0137,CUST-0137,Pro,2023-03-03,,active,2104.99
SUB-CUST-0138,CUST-0138,Enterprise,2024-03-04,,active,2131.36
SUB-CUST-0139,CUST-0139,Pro,2023-10-18,,active,2786.19
SUB-CUST-0140,CUST-0140,Enterprise,2024-03-14,2024-08-13,churned,524.92
SUB-CUST-0141,CUST-0141,Pro,2024-09-02,,active,2643.1
SUB-CUST-0142,CUST-0142,Pro,2024-07-16,2024-09-22,churned,38.83
SUB-CUST-0143,CUST-0143,Pro,2024-08-31,,active,712.54
SUB-CUST-0144,CUST-0144,Basic,2023-04-04,,active,85.04
SUB-CUST-0145,CUST-0145,Pro,2023-09-27,,active,2060.09
SUB-CUST-0146,CUST-0146,Pro,2024-06-23,,active,4437.37
SUB-CUST-0147,CUST-0147,Pro,2023-02-01,,active,464.1
SUB-CUST-0148,CUST-0148,Pro,2024-05-23,2024-07-17,churned,73.61
SUB-CUST-0149,CUST-0149,Pro,2023-01-12,2023-12-08,churned,2.25
SUB-CUST-0150,CUST-0150,Basic,2024-06-13,2024-08-28,churned,181.79
SUB-CUST-0151,CUST-0151,Pro,2023-04-28,,active,567.4
SUB-CUST-0152,CUST-0152,Basic,2023-10-26,2024-10-31,churned,208.48
SUB-CUST-0153,CUST-0153,Enterprise,2024-03-25,2024-07-21,churned,410.42
SUB-CUST-0154,CUST-0154,Pro,2023-03-15,2024-05-11,churned,619.33
SUB-CUST-0155,CUST-0155,Pro,2024-05-14,2024-12-09,churned,138.74
SUB-CUST-0156,CUST-0156,Enterprise,2024-06-11,2024-07-23,churned,190.48
SUB-CUST-0157,CUST-0157,Basic,2024-05-29,,active,1920.47
SUB-CUST-0158,CUST-0158,Basic,2024-11-01,,active,803.93
SUB-CUST-0159,CUST-0159,Basic,2024-10-12,2024-12-27,churned,159.21
SUB-CUST-0160,CUST-0160,Pro,2024-07-01,2024-12-16,churned,152.88
SUB-CUST-0161,CUST-0161,Pro,2024-02-29,,active,2027.88
SUB-CUST-0162,CUST-0162,Basic,2024-10-12,2024-12-29,churned,2873.33
SUB-CUST-0163,CUST-0163,Pro,2023-02-14,2023-07-20,churned,147.64
SUB-CUST-0164,CUST-0164,Basic,2024-02-01,,active,874.87
SUB-CUST-0165,CUST-0165,Basic,2023-01-29,2024-11-13,churned,270.06
SUB-CUST-0166,CUST-0166,Basic,2023-04-01,2023-09-21,churned,14.81
SUB-CUST-0167,CUST-0167,Basic,2024-05-27,2024-11-10,churned,5.69
SUB-CUST-0168,CUST-0168,Pro,2023-08-03,2024-06-04,churned,286.35
SUB-CUST-0169,CUST-0169,Enterprise,2024-02-09,,active,3619.69
SUB-CUST-0170,CUST-0170,Pro,2024-01-17,2024-06-15,churned,141.63
SUB-CUST-0171,CUST-0171,Pro,2023-07-02,2024-09-11,churned,983.51
SUB-CUST-0172,CUST-0172,Enterprise,2024-08-16,2024-10-12,churned,40.39
SUB-CUST-0173,CUST-0173,Enterprise,2023-12-12,,active,132.38
SUB-CUST-0174,CUST-0174,Basic,2023-04-17,,active,3216.83
SUB-CUST-0175,CUST-0175,Basic,2023-07-21,,active,3383.93
SUB-CUST-0176,CUST-0176,Basic,2024-09-20,,active,1439.71
SUB-CUST-0177,CUST-0177,Basic,2023-06-15,,active,1951.73
SUB-CUST-0178,CUST-0178,Pro,2023-08-21,2023-10-22,churned,154.24
SUB-CUST-0179,CUST-0179,Enterprise,2024-04-11,,active,376.23
SUB-CUST-0180,CUST-0180,Pro,2023-06-28,2024-11-29,churned,973.85
SUB-CUST-0181,CUST-0181,Pro,2024-11-09,2024-12-11,churned,935.88
SUB-CUST-0182,CUST-0182,Pro,2023-06-04,2024-05-31,churned,117.75
SUB-CUST-0183,CUST-0183,Enterprise,2024-06-20,2024-08-18,churned,723.19
SUB-CUST-0184,CUST-0184,Pro,2023-03-22,2024-07-28,churned,271.02
SUB-CUST-0185,CUST-0185,Enterprise,2023-02-01,2023-08-06,churned,127.13
SUB-CUST-0186,CUST-0186,Enterprise,2023-11-06,2024-12-21,churned,70.34
SUB-CUST-0187,CUST-0187,Pro,2023-10-23,,active,709.94
SUB-CUST-0188,CUST-0188,Pro,2024-11-15,2024-12-16,churned,215.34
SUB-CUST-0189,CUST-0189,Basic,2023-04-28,2024-10-02,churned,193.48
SUB-CUST-0190,CUST-0190,Enterprise,2023-05-06,,active,2470.24
SUB-CUST-0191,CUST-0191,Enterprise,2023-06-02,,active,4898.19
SUB-CUST-0192,CUST-0192,Basic,2023-09-24,,active,759.82
SUB-CUST-0193,CUST-0193,Basic,2023-12-17,2024-01-19,churned,515.98
SUB-CUST-0194,CUST-0194,Basic,2023-01-26,,active,234.24
SUB-CUST-0195,CUST-0195,Enterprise,2023-11-22,2024-05-29,churned,162.41
SUB-CUST-0196,CUST-0196,Basic,2024-10-27,,active,1622.32
SUB-CUST-0197,CUST-0197,Pro,2024-01-21,2024-09-19,churned,155.0
SUB-CUST-0198,CUST-0198,Pro,2024-08-04,2024-11-17,churned,76.72
SUB-CUST-0199,CUST-0199,Basic,2024-03-19,2024-04-21,churned,147.82
SUB-CUST-0200,CUST-0200,Basic,2024-10-10,,active,4056.64
SUB-CUST-0201,CUST-0201,Basic,2023-11-19,2024-12-13,churned,422.81
SUB-CUST-0202,CUST-0202,Pro,2024-10-10,2024-11-10,churned,264.44
SUB-CUST-0203,CUST-0203,Pro,2023-06-08,,active,700.81
SUB-CUST-0204,CUST-0204,Pro,2023-01-24,2024-11-16,churned,290.55
SUB-CUST-0205,CUST-0205,Enterprise,2024-07-26,2024-12-05,churned,75.47
SUB-CUST-0206,CUST-0206,Basic,2024-07-06,,active,3983.22
SUB-CUST-0207,CUST-0207,Pro,2023-07-26,,active,435.54
SUB-CUST-0208,CUST-0208,Enterprise,2023-10-23,2024-02-08,churned,112.99
SUB-CUST-0209,CUST-0209,Enterprise,2024-10-06,2024-12-11,churned,30.77
SUB-CUST-0210,CUST-0210,Basic,2023-12-30,,active,3508.87
SUB-CUST-0211,CUST-0211,Pro,2023-11-15,,active,856.63
SUB-CUST-0212,CUST-0212,Basic,2023-02-07,2023-12-27,churned,161.98
SUB-CUST-0213,CUST-0213,Basic,2024-03-05,,active,687.47
SUB-CUST-0214,CUST-0214,Pro,2024-08-23,2024-09-29,churned,167.91
SUB-CUST-0215,CUST-0215,Basic,2023-01-23,2023-04-03,churned,4.13
SUB-CUST-0216,CUST-0216,Pro,2024-08-18,2024-10-23,churned,726.25
SUB-CUST-0217,CUST-0217,Pro,2024-08-29,,active,336.6
SUB-CUST-0218,CUST-0218,Enterprise,2024-10-09,2024-12-24,churned,218.59
SUB-CUST-0219,CUST-0219,Pro,2023-10-09,2024-05-05,churned,194.68
SUB-CUST-0220,CUST-0220,Enterprise,2023-08-10,2024-03-19,churned,955.66
SUB-CUST-0221,CUST-0221,Enterprise,2023-07-03,,active,879.44
SUB-CUST-0222,CUST-0222,Pro,2023-06-03,2024-07-08,churned,595.96
SUB-CUST-0223,CUST-0223,Basic,2023-05-17,2023-11-03,churned,240.54
SUB-CUST-0224,CUST-0224,Enterprise,2023-12-06,,active,1404.56
SUB-CUST-0225,CUST-0225,Enterprise,2024-02-06,,active,912.6
SUB-CUST-0226,CUST-0226,Enterprise,2023-01-25,2023-08-12,churned,256.84
SUB-CUST-0227,CUST-0227,Enterprise,2024-04-26,2024-09-16,churned,218.09
SUB-CUST-0228,CUST-0228,Pro,2023-02-24,,active,108.79
SUB-CUST-0229,CUST-0229,Pro,2024-04-30,2024-12-12,churned,698.72
SUB-CUST-0230,CUST-0230,Pro,2024-07-21,2024-09-24,churned,40.03
SUB-CUST-0231,CUST-0231,Basic,2024-05-09,2024-10-18,churned,3218.16
SUB-CUST-0232,CUST-0232,Basic,2023-10-04,,active,2091.17
SUB-CUST-0233,CUST-0233,Basic,2024-11-17,2024-12-22,churned,10.88
SUB-CUST-0234,CUST-0234,Pro,2024-03-19,2024-05-29,churned,142.49
SUB-CUST-0235,CUST-0235,Basic,2023-09-16,2024-04-04,churned,73.77
SUB-CUST-0236,CUST-0236,Enterprise,2023-10-05,2024-01-14,churned,256.44
SUB-CUST-0237,CUST-0237,Basic,2023-08-21,2024-01-08,churned,933.19
SUB-CUST-0238,CUST-0238,Basic,2024-10-10,2024-11-12,churned,121.03
SUB-CUST-0239,CUST-0239,Enterprise,2024-03-05,2024-04-12,churned,258.17
SUB-CUST-0240,CUST-0240,Basic,2023-03-28,2024-04-22,churned,503.6
SUB-CUST-0241,CUST-0241,Basic,2023-04-21,2024-05-24,churned,216.05
SUB-CUST-0242,CUST-0242,Pro,2023-07-28,2024-03-05,churned,166.53
SUB-CUST-0243,CUST-0243,Enterprise,2023-12-21,,active,2379.21
SUB-CUST-0244,CUST-0244,Basic,2023-08-15,2024-08-08,churned,137.07
SUB-CUST-0245,CUST-0245,Pro,2024-05-17,2024-12-31,churned,867.24
SUB-CUST-0246,CUST-0246,Pro,2024-04-12,,active,246.78
SUB-CUST-0247,CUST-0247,Basic,2024-11-26,2024-12-31,churned,26.61
SUB-CUST-0248,CUST-0248,Pro,2023-07-11,,active,1191.22
SUB-CUST-0249,CUST-0249,Pro,2023-09-07,2024-04-21,churned,149.01
SUB-CUST-0250,CUST-0250,Pro,2023-04-28,,active,556.78
SUB-CUST-0251,CUST-0251,Pro,2023-07-08,2024-06-02,churned,199.61
SUB-CUST-0252,CUST-0252,Pro,2023-10-25,2024-11-25,churned,122.91
SUB-CUST-0253,CUST-0253,Pro,2024-01-15,,active,59.59
SUB-CUST-0254,CUST-0254,Basic,2023-07-09,,active,294.01
SUB-CUST-0255,CUST-0255,Basic,2023-11-20,2024-01-04,churned,824.18
SUB-CUST-0256,CUST-0256,Pro,2024-08-29,2024-11-13,churned,65.81
SUB-CUST-0257,CUST-0257,Pro,2023-05-06,,active,774.66
SUB-CUST-0258,CUST-0258,Basic,2023-05-03,2024-03-13,churned,670.09
SUB-CUST-0259,CUST-0259,Basic,2023-03-09,2024-11-03,churned,648.83
SUB-CUST-0260,CUST-0260,Enterprise,2023-09-26,,active,449.98
SUB-CUST-0261,CUST-0261,Basic,2024-02-09,2024-10-23,churned,262.21
SUB-CUST-0262,CUST-0262,Basic,2023-07-02,2024-06-03,churned,684.45
SUB-CUST-0263,CUST-0263,Basic,2023-08-26,2023-12-05,churned,384.83
SUB-CUST-0264,CUST-0264,Basic,2023-02-26,2024-10-12,churned,192.07
SUB-CUST-0265,CUST-0265,Enterprise,2024-08-25,2024-11-24,churned,148.54
SUB-CUST-0266,CUST-0266,Enterprise,2024-11-28,,active,1295.0
SUB-CUST-0267,CUST-0267,Basic,2023-07-05,2024-02-06,churned,661.63
SUB-CUST-0268,CUST-0268,Basic,2024-05-06,,active,3072.41
SUB-CUST-0269,CUST-0269,Basic,2023-01-06,,active,284.23
SUB-CUST-0270,CUST-0270,Enterprise,2024-03-27,2024-07-12,churned,685.04
SUB-CUST-0271,CUST-0271,Basic,2023-07-22,,active,417.88
SUB-CUST-0272,CUST-0272,Basic,2023-03-13,,active,3254.47
SUB-CUST-0273,CUST-0273,Enterprise,2023-06-05,2024-02-05,churned,37.78
SUB-CUST-0274,CUST-0274,Pro,2024-10-01,2024-12-31,churned,738.39
SUB-CUST-0275,CUST-0275,Basic,2024-09-17,,active,3739.96
SUB-CUST-0276,CUST-0276,Basic,2024-09-14,2024-12-30,churned,170.06
SUB-CUST-0277,CUST-0277,Basic,2024-04-18,,active,901.68
SUB-CUST-0278,CUST-0278,Basic,2024-07-25,2024-10-26,churned,165.62
SUB-CUST-0279,CUST-0279,Basic,2023-07-11,2023-12-15,churned,145.04
SUB-CUST-0280,CUST-0280,Pro,2024-11-16,,active,88.84
SUB-CUST-0281,CUST-0281,Basic,2024-08-02,2024-10-29,churned,362.94
SUB-CUST-0282,CUST-0282,Enterprise,2023-09-09,2024-12-13,churned,119.34
SUB-CUST-0283,CUST-0283,Pro,2024-04-04,2024-12-15,churned,892.17
SUB-CUST-0284,CUST-0284,Pro,2024-07-31,2024-09-23,churned,149.15
SUB-CUST-0285,CUST-0285,Enterprise,2024-07-18,2024-10-27,churned,175.06
SUB-CUST-0286,CUST-0286,Enterprise,2024-01-01,2024-07-22,churned,73.17
SUB-CUST-0287,CUST-0287,Basic,2024-05-27,2024-07-07,churned,176.28
SUB-CUST-0288,CUST-0288,Enterprise,2023-10-08,,active,3077.33
SUB-CUST-0289,CUST-0289,Enterprise,2024-04-24,2024-10-28,churned,15.61
SUB-CUST-0290,CUST-0290,Enterprise,2024-02-26,,active,656.29
SUB-CUST-0291,CUST-0291,Pro,2023-05-20,,active,2473.43
SUB-CUST-0292,CUST-0292,Basic,2023-07-04,,active,3901.3
SUB-CUST-0293,CUST-0293,Enterprise,2024-07-17,,active,212.9
SUB-CUST-0294,CUST-0294,Basic,2023-03-16,2024-05-08,churned,707.88
SUB-CUST-0295,CUST-0295,Pro,2024-10-02,2024-11-29,churned,789.66
SUB-CUST-0296,CUST-0296,Pro,2024-11-01,2024-12-20,churned,99.97
SUB-CUST-0297,CUST-0297,Pro,2023-04-13,,active,692.06
SUB-CUST-0298,CUST-0298,Pro,2024-07-16,,active,92.3
SUB-CUST-0299,CUST-0299,Enterprise,2023-11-12,,active,906.49
SUB-CUST-0300,CUST-0300,Pro,2023-08-04,2023-12-27,churned,110.63
SUB-CUST-0301,CUST-0301,Enterprise,2024-05-04,,active,641.81
SUB-CUST-0302,CUST-0302,Pro,2024-09-27,2024-12-16,churned,218.16
SUB-CUST-0303,CUST-0303,Enterprise,2023-09-29,2024-06-11,churned,287.83
SUB-CUST-0304,CUST-0304,Enterprise,2023-03-22,2024-11-16,churned,255.99
SUB-CUST-0305,CUST-0305,Enterprise,2024-02-28,2024-04-23,churned,234.22
SUB-CUST-0306,CUST-0306,Basic,2024-01-12,2024-10-09,churned,336.69
SUB-CUST-0307,CUST-0307,Pro,2023-08-13,2024-08-11,churned,47.92
SUB-CUST-0308,CUST-0308,Basic,2024-05-09,,active,2148.98
SUB-CUST-0309,CUST-0309,Basic,2023-09-01,,active,805.46
SUB-CUST-0310,CUST-0310,Pro,2023-10-20,2024-12-26,churned,1.78
SUB-CUST-0311,CUST-0311,Basic,2024-10-01,,active,1037.07
SUB-CUST-0312,CUST-0312,Basic,2023-06-28,,active,748.28
SUB-CUST-0313,CUST-0313,Pro,2023-10-07,2024-11-14,churned,251.2
SUB-CUST-0314,CUST-0314,Basic,2024-09-26,2024-11-19,churned,133.28
SUB-CUST-0315,CUST-0315,Basic,2024-04-16,2024-11-03,churned,3061.12
SUB-CUST-0316,CUST-0316,Basic,2024-08-19,2024-11-06,churned,954.14
SUB-CUST-0317,CUST-0317,Pro,2023-02-24,2023-04-06,churned,14.8
SUB-CUST-0318,CUST-0318,Enterprise,2023-06-04,2024-08-22,churned,78.56
SUB-CUST-0319,CUST-0319,Pro,2023-06-02,,active,746.46
SUB-CUST-0320,CUST-0320,Pro,2024-03-03,2024-10-10,churned,82.39
SUB-CUST-0321,CUST-0321,Basic,2024-07-07,,active,4207.98
SUB-CUST-0322,CUST-0322,Enterprise,2023-07-15,2024-11-25,churned,669.19
SUB-CUST-0323,CUST-0323,Enterprise,2023-06-14,,active,4611.55
SUB-CUST-0324,CUST-0324,Enterprise,2023-11-30,2024-04-13,churned,179.09
SUB-CUST-0325,CUST-0325,Basic,2024-11-05,2024-12-19,churned,176.59
SUB-CUST-0326,CUST-0326,Pro,2024-11-20,,active,340.36
SUB-CUST-0327,CUST-0327,Basic,2023-06-13,2023-09-25,churned,49.75
SUB-CUST-0328,CUST-0328,Pro,2024-08-10,2024-09-17,churned,678.27
SUB-CUST-0329,CUST-0329,Pro,2024-01-22,2024-09-23,churned,241.24
SUB-CUST-0330,CUST-0330,Enterprise,2024-07-12,,active,4627.07
SUB-CUST-0331,CUST-0331,Enterprise,2023-06-05,2024-08-10,churned,543.09
SUB-CUST-0332,CUST-0332,Pro,2023-05-02,,active,4024.72
SUB-CUST-0333,CUST-0333,Basic,2024-04-10,2024-08-06,churned,875.53
SUB-CUST-0334,CUST-0334,Pro,2024-05-15,2024-11-30,churned,35.53
SUB-CUST-0335,CUST-0335,Enterprise,2024-01-06,2024-09-20,churned,65.82
SUB-CUST-0336,CUST-0336,Basic,2024-05-02,2024-07-26,churned,581.18
SUB-CUST-0337,CUST-0337,Basic,2024-07-09,2024-10-29,churned,278.1
SUB-CUST-0338,CUST-0338,Basic,2023-03-21,2024-01-26,churned,25.54
SUB-CUST-0339,CUST-0339,Pro,2023-10-26,,active,598.61
SUB-CUST-0340,CUST-0340,Enterprise,2024-07-30,2024-09-21,churned,585.37
SUB-CUST-0341,CUST-0341,Pro,2023-06-11,,active,2202.95
SUB-CUST-0342,CUST-0342,Pro,2023-11-30,2024-05-02,churned,27.31
SUB-CUST-0343,CUST-0343,Basic,2023-05-05,,active,944.64
SUB-CUST-0344,CUST-0344,Basic,2024-08-09,2024-09-13,churned,143.29
SUB-CUST-0345,CUST-0345,Basic,2023-11-18,2023-12-25,churned,907.76
SUB-CUST-0346,CUST-0346,Enterprise,2024-02-06,,active,827.28
SUB-CUST-0347,CUST-0347,Pro,2023-08-01,2024-01-22,churned,108.83
SUB-CUST-0348,CUST-0348,Pro,2024-02-14,,active,138.91
SUB-CUST-0349,CUST-0349,Pro,2024-02-23,,active,2280.93
SUB-CUST-0350,CUST-0350,Enterprise,2023-08-11,2024-01-21,churned,454.67
SUB-CUST-0351,CUST-0351,Pro,2024-02-23,2024-07-27,churned,98.05
SUB-CUST-0352,CUST-0352,Enterprise,2024-01-05,,active,254.4
SUB-CUST-0353,CUST-0353,Basic,2024-11-16,2024-12-31,churned,247.74
SUB-CUST-0354,CUST-0354,Enterprise,2024-04-11,2024-12-06,churned,886.51
SUB-CUST-0355,CUST-0355,Basic,2024-09-21,2024-11-09,churned,259.64
SUB-CUST-0356,CUST-0356,Pro,2024-05-27,2024-11-30,churned,203.46
SUB-CUST-0357,CUST-0357,Enterprise,2024-08-25,2024-11-30,churned,186.91
SUB-CUST-0358,CUST-0358,Basic,2024-01-24,2024-05-24,churned,252.29
SUB-CUST-0359,CUST-0359,Pro,2023-12-26,2024-07-24,churned,203.95
SUB-CUST-0360,CUST-0360,Basic,2023-07-15,2024-08-04,churned,150.51
SUB-CUST-0361,CUST-0361,Basic,2023-12-07,,active,899.9
SUB-CUST-0362,CUST-0362,Basic,2024-11-09,2024-12-31,churned,168.0
SUB-CUST-0363,CUST-0363,Basic,2024-09-20,,active,3579.63
SUB-CUST-0364,CUST-0364,Pro,2023-06-01,2024-10-29,churned,274.32
SUB-CUST-0365,CUST-0365,Enterprise,2023-01-02,,active,495.98
SUB-CUST-0366,CUST-0366,Basic,2024-05-06,2024-11-02,churned,15.41
SUB-CUST-0367,CUST-0367,Enterprise,2024-01-24,2024-09-09,churned,189.99
SUB-CUST-0368,CUST-0368,Enterprise,2023-01-05,2023-04-25,churned,233.94
SUB-CUST-0369,CUST-0369,Pro,2023-05-31,2024-08-09,churned,107.04
SUB-CUST-0370,CUST-0370,Enterprise,2024-09-06,,active,2802.2
SUB-CUST-0371,CUST-0371,Pro,2024-11-29,2024-12-31,churned,195.47
SUB-CUST-0372,CUST-0372,Basic,2023-07-22,2024-07-10,churned,87.56
SUB-CUST-0373,CUST-0373,Pro,2023-06-15,,active,71.88
SUB-CUST-0374,CUST-0374,Enterprise,2024-07-04,2024-12-23,churned,70.82
SUB-CUST-0375,CUST-0375,Enterprise,2024-08-12,2024-11-26,churned,71.4
SUB-CUST-0376,CUST-0376,Enterprise,2024-10-16,2024-12-31,churned,152.45
SUB-CUST-0377,CUST-0377,Pro,2024-08-28,2024-10-31,churned,418.48
SUB-CUST-0378,CUST-0378,Pro,2024-09-13,2024-10-22,churned,117.99
SUB-CUST-0379,CUST-0379,Pro,2023-02-03,,active,646.57
SUB-CUST-0380,CUST-0380,Pro,2024-09-01,2024-12-19,churned,286.21
SUB-CUST-0381,CUST-0381,Enterprise,2024-07-05,,active,252.87
SUB-CUST-0382,CUST-0382,Basic,2023-12-24,2024-07-01,churned,285.82
SUB-CUST-0383,CUST-0383,Pro,2024-02-14,2024-07-17,churned,222.74
SUB-CUST-0384,CUST-0384,Basic,2024-01-17,2024-11-30,churned,2571.74
SUB-CUST-0385,CUST-0385,Pro,2023-04-28,,active,684.52
SUB-CUST-0386,CUST-0386,Pro,2024-04-24,2024-12-27,churned,4325.13
SUB-CUST-0387,CUST-0387,Enterprise,2024-01-27,,active,469.17
SUB-CUST-0388,CUST-0388,Enterprise,2024-11-12,2024-12-24,churned,296.68
SUB-CUST-0389,CUST-0389,Enterprise,2023-03-09,2024-10-08,churned,852.71
SUB-CUST-0390,CUST-0390,Enterprise,2024-11-21,,active,3630.41
SUB-CUST-0391,CUST-0391,Pro,2023-08-19,,active,750.88
SUB-CUST-0392,CUST-0392,Enterprise,2024-09-04,2024-12-09,churned,113.68
SUB-CUST-0393,CUST-0393,Enterprise,2023-02-14,2024-11-07,churned,146.78
SUB-CUST-0394,CUST-0394,Basic,2023-03-04,2024-06-01,churned,55.14
SUB-CUST-0395,CUST-0395,Pro,2024-06-28,2024-12-08,churned,134.77
SUB-CUST-0396,CUST-0396,Pro,2024-06-03,2024-07-20,churned,229.5
SUB-CUST-0397,CUST-0397,Basic,2023-07-29,2024-10-10,churned,134.77
SUB-CUST-0398,CUST-0398,Basic,2024-04-12,2024-09-07,churned,531.36
SUB-CUST-0399,CUST-0399,Enterprise,2024-08-27,2024-12-29,churned,213.33
SUB-CUST-0400,CUST-0400,Basic,2023-08-20,,active,571.8
SUB-CUST-0401,CUST-0401,Pro,2023-02-03,,active,858.85
SUB-CUST-0402,CUST-0402,Enterprise,2023-07-12,,active,483.39
SUB-CUST-0403,CUST-0403,Pro,2023-09-07,2024-12-12,churned,710.32
SUB-CUST-0404,CUST-0404,Enterprise,2023-09-20,,active,3823.95
SUB-CUST-0405,CUST-0405,Basic,2023-12-08,2024-03-06,churned,518.92
SUB-CUST-0406,CUST-0406,Pro,2024-03-17,2024-10-29,churned,592.35
SUB-CUST-0407,CUST-0407,Basic,2024-02-12,,active,784.71
SUB-CUST-0408,CUST-0408,Enterprise,2024-04-23,2024-09-15,churned,398.07
SUB-CUST-0409,CUST-0409,Enterprise,2024-01-13,2024-08-26,churned,23.75
SUB-CUST-0410,CUST-0410,Pro,2023-07-15,2024-03-28,churned,171.93
SUB-CUST-0411,CUST-0411,Pro,2023-07-27,2023-09-11,churned,856.32
SUB-CUST-0412,CUST-0412,Enterprise,2024-02-08,2024-11-17,churned,163.33
SUB-CUST-0413,CUST-0413,Pro,2024-09-27,,active,487.25
SUB-CUST-0414,CUST-0414,Pro,2023-08-17,,active,2765.47
SUB-CUST-0415,CUST-0415,Basic,2024-01-23,2024-08-18,churned,298.83
SUB-CUST-0416,CUST-0416,Enterprise,2023-08-02,,active,1947.78
SUB-CUST-0417,CUST-0417,Basic,2024-08-01,2024-09-26,churned,83.81
SUB-CUST-0418,CUST-0418,Pro,2023-01-08,2023-12-03,churned,717.2
SUB-CUST-0419,CUST-0419,Basic,2024-07-30,2024-12-11,churned,25.21
SUB-CUST-0420,CUST-0420,Enterprise,2024-07-03,2024-09-03,churned,48.63
SUB-CUST-0421,CUST-0421,Enterprise,2024-03-30,2024-11-30,churned,129.52
SUB-CUST-0422,CUST-0422,Pro,2024-09-10,2024-11-27,churned,207.1
SUB-CUST-0423,CUST-0423,Pro,2023-01-28,2024-03-10,churned,236.45
SUB-CUST-0424,CUST-0424,Basic,2023-12-02,,active,907.37
SUB-CUST-0425,CUST-0425,Pro,2023-04-30,,active,4182.71
SUB-CUST-0426,CUST-0426,Enterprise,2023-05-08,2023-10-18,churned,256.09
SUB-CUST-0427,CUST-0427,Basic,2023-06-22,2024-11-03,churned,4049.02
SUB-CUST-0428,CUST-0428,Basic,2023-02-05,,active,49.17
SUB-CUST-0429,CUST-0429,Pro,2023-05-09,2024-06-11,churned,282.18
SUB-CUST-0430,CUST-0430,Enterprise,2024-03-07,2024-09-09,churned,753.59
SUB-CUST-0431,CUST-0431,Basic,2023-03-29,2024-08-28,churned,791.88
SUB-CUST-0432,CUST-0432,Basic,2024-09-09,2024-11-21,churned,611.1
SUB-CUST-0433,CUST-0433,Basic,2023-11-07,2024-01-28,churned,460.03
SUB-CUST-0434,CUST-0434,Basic,2023-05-27,,active,1548.52
SUB-CUST-0435,CUST-0435,Pro,2023-09-18,,active,305.92
SUB-CUST-0436,CUST-0436,Basic,2023-03-15,2024-07-10,churned,405.81
SUB-CUST-0437,CUST-0437,Pro,2023-12-27,2024-07-23,churned,79.79
SUB-CUST-0438,CUST-0438,Enterprise,2024-05-21,2024-11-20,churned,210.16
SUB-CUST-0439,CUST-0439,Enterprise,2023-12-24,,active,3761.9
SUB-CUST-0440,CUST-0440,Pro,2024-01-07,,active,656.16
SUB-CUST-0441,CUST-0441,Enterprise,2023-07-06,,active,378.81
SUB-CUST-0442,CUST-0442,Pro,2023-11-29,2024-10-15,churned,45.76
SUB-CUST-0443,CUST-0443,Basic,2024-10-06,,active,4817.81
SUB-CUST-0444,CUST-0444,Pro,2023-01-13,,active,102.94
SUB-CUST-0445,CUST-0445,Pro,2023-12-07,2024-12-30,churned,650.23
SUB-CUST-0446,CUST-0446,Basic,2023-06-10,2024-02-03,churned,126.48
SUB-CUST-0447,CUST-0447,Enterprise,2024-11-10,2024-12-31,churned,207.57
SUB-CUST-0448,CUST-0448,Basic,2024-03-01,,active,810.24
SUB-CUST-0449,CUST-0449,Pro,2023-09-05,2023-11-02,churned,5.68
SUB-CUST-0450,CUST-0450,Pro,2024-03-18,2024-12-27,churned,83.3
SUB-CUST-0451,CUST-0451,Enterprise,2024-04-27,2024-08-03,churned,80.73
SUB-CUST-0452,CUST-0452,Enterprise,2024-09-24,2024-11-26,churned,156.33
SUB-CUST-0453,CUST-0453,Enterprise,2024-08-02,2024-12-19,churned,657.04
SUB-CUST-0454,CUST-0454,Enterprise,2024-11-25,,active,242.33
SUB-CUST-0455,CUST-0455,Basic,2024-02-20,,active,301.8
SUB-CUST-0456,CUST-0456,Enterprise,2023-11-01,2023-12-19,churned,567.7
SUB-CUST-0457,CUST-0457,Basic,2023-02-07,2023-12-11,churned,153.06
SUB-CUST-0458,CUST-0458,Enterprise,2023-05-31,2024-02-13,churned,217.33
SUB-CUST-0459,CUST-0459,Pro,2024-07-08,2024-10-25,churned,165.27
SUB-CUST-0460,CUST-0460,Enterprise,2023-05-14,2024-04-19,churned,99.17
SUB-CUST-0461,CUST-0461,Basic,2023-11-24,,active,713.59
SUB-CUST-0462,CUST-0462,Pro,2023-10-18,2024-08-20,churned,282.1
SUB-CUST-0463,CUST-0463,Pro,2024-04-30,2024-12-02,churned,213.33
SUB-CUST-0464,CUST-0464,Basic,2023-06-14,,active,466.48
SUB-CUST-0465,CUST-0465,Enterprise,2024-04-02,,active,279.32
SUB-CUST-0466,CUST-0466,Enterprise,2024-11-06,,active,822.78
SUB-CUST-0467,CUST-0467,Basic,2024-08-04,2024-09-19,churned,190.96
SUB-CUST-0468,CUST-0468,Enterprise,2024-03-17,,active,4704.17
SUB-CUST-0469,CUST-0469,Basic,2023-06-25,,active,463.29
SUB-CUST-0470,CUST-0470,Basic,2023-08-16,2024-04-10,churned,90.09
SUB-CUST-0471,CUST-0471,Basic,2023-11-04,2024-04-17,churned,10.17
SUB-CUST-0472,CUST-0472,Enterprise,2024-09-03,,active,2216.86
SUB-CUST-0473,CUST-0473,Pro,2024-11-15,2024-12-22,churned,2311.17
SUB-CUST-0474,CUST-0474,Basic,2023-12-17,,active,481.86
SUB-CUST-0475,CUST-0475,Basic,2023-09-03,2023-11-24,churned,684.53
SUB-CUST-0476,CUST-0476,Pro,2023-12-02,2024-04-11,churned,244.24
SUB-CUST-0477,CUST-0477,Basic,2024-09-03,,active,480.92
SUB-CUST-0478,CUST-0478,Basic,2024-07-18,2024-11-09,churned,21.73
SUB-CUST-0479,CUST-0479,Pro,2023-12-26,2024-08-14,churned,280.03
SUB-CUST-0480,CUST-0480,Pro,2023-10-26,2024-02-28,churned,420.79
SUB-CUST-0481,CUST-0481,Basic,2023-09-29,,active,1138.6
SUB-CUST-0482,CUST-0482,Pro,2024-05-15,2024-08-24,churned,186.67
SUB-CUST-0483,CUST-0483,Enterprise,2024-10-11,2024-12-20,churned,270.16
SUB-CUST-0484,CUST-0484,Pro,2024-04-30,,active,2436.45
SUB-CUST-0485,CUST-0485,Basic,2024-04-10,2024-07-05,churned,93.95
SUB-CUST-0486,CUST-0486,Enterprise,2023-10-24,,active,2886.74
SUB-CUST-0487,CUST-0487,Basic,2024-01-09,2024-03-07,churned,213.22
SUB-CUST-0488,CUST-0488,Basic,2024-09-12,2024-11-03,churned,258.81
SUB-CUST-0489,CUST-0489,Basic,2023-04-11,,active,3790.51
SUB-CUST-0490,CUST-0490,Pro,2023-12-30,,active,431.58
SUB-CUST-0491,CUST-0491,Basic,2024-10-20,2024-12-27,churned,58.49
SUB-CUST-0492,CUST-0492,Pro,2024-01-01,2024-04-06,churned,278.47
SUB-CUST-0493,CUST-0493,Basic,2024-05-03,2024-07-08,churned,85.93
SUB-CUST-0494,CUST-0494,Enterprise,2024-10-14,2024-12-08,churned,18.31
SUB-CUST-0495,CUST-0495,Enterprise,2024-04-13,2024-09-01,churned,83.11
SUB-CUST-0496,CUST-0496,Pro,2023-11-11,2024-10-20,churned,291.19
SUB-CUST-0497,CUST-0497,Enterprise,2023-09-01,2023-12-30,churned,232.5
SUB-CUST-0498,CUST-0498,Basic,2024-03-29,,active,4083.32
SUB-CUST-0499,CUST-0499,Basic,2024-11-07,2024-12-25,churned,47.41
SUB-CUST-0500,CUST-0500,Basic,2024-08-03,2024-10-12,churned,68.45
SUB-CUST-0501,CUST-0501,Pro,2024-08-30,2024-10-07,churned,115.3
SUB-CUST-0502,CUST-0502,Basic,2024-06-07,2024-10-22,churned,333.66
SUB-CUST-0503,CUST-0503,Pro,2023-09-29,,active,2404.92
SUB-CUST-0504,CUST-0504,Basic,2024-01-19,2024-07-17,churned,67.43
SUB-CUST-0505,CUST-0505,Basic,2023-05-22,2024-07-09,churned,3.64
SUB-CUST-0506,CUST-0506,Enterprise,2023-09-15,,active,295.32
SUB-CUST-0507,CUST-0507,Basic,2023-09-18,2024-01-06,churned,8.08
SUB-CUST-0508,CUST-0508,Enterprise,2023-09-28,2024-10-31,churned,96.5
SUB-CUST-0509,CUST-0509,Enterprise,2023-07-28,2024-03-15,churned,507.88
SUB-CUST-0510,CUST-0510,Enterprise,2024-10-12,2024-11-29,churned,139.21
SUB-CUST-0511,CUST-0511,Basic,2024-05-23,2024-09-04,churned,55.43
SUB-CUST-0512,CUST-0512,Pro,2024-08-01,2024-11-23,churned,148.37
SUB-CUST-0513,CUST-0513,Basic,2024-08-29,2024-11-24,churned,270.37
SUB-CUST-0514,CUST-0514,Basic,2024-08-11,2024-09-17,churned,458.14
SUB-CUST-0515,CUST-0515,Enterprise,2024-04-21,2024-11-30,churned,864.92
SUB-CUST-0516,CUST-0516,Enterprise,2024-06-16,,active,4273.62
SUB-CUST-0517,CUST-0517,Enterprise,2024-03-10,,active,355.19
SUB-CUST-0518,CUST-0518,Basic,2024-03-07,2024-06-30,churned,238.3
SUB-CUST-0519,CUST-0519,Enterprise,2023-09-06,2024-01-17,churned,68.59
SUB-CUST-0520,CUST-0520,Pro,2023-03-04,2023-07-01,churned,230.78
SUB-CUST-0521,CUST-0521,Basic,2024-10-06,,active,898.78
SUB-CUST-0522,CUST-0522,Basic,2024-03-11,2024-05-31,churned,86.41
SUB-CUST-0523,CUST-0523,Pro,2024-02-11,,active,4469.9
SUB-CUST-0524,CUST-0524,Basic,2024-02-22,,active,699.84
SUB-CUST-0525,CUST-0525,Pro,2023-01-06,2023-03-16,churned,201.16
SUB-CUST-0526,CUST-0526,Basic,2024-08-28,2024-11-13,churned,167.8
SUB-CUST-0527,CUST-0527,Enterprise,2024-07-07,,active,259.71
SUB-CUST-0528,CUST-0528,Pro,2023-10-12,2024-04-23,churned,292.55
SUB-CUST-0529,CUST-0529,Pro,2024-08-16,2024-12-18,churned,101.85
SUB-CUST-0530,CUST-0530,Pro,2024-08-08,,active,3061.08
SUB-CUST-0531,CUST-0531,Basic,2024-10-26,,active,261.82
SUB-CUST-0532,CUST-0532,Pro,2023-05-19,2023-07-21,churned,1802.91
SUB-CUST-0533,CUST-0533,Enterprise,2023-02-05,,active,491.51
SUB-CUST-0534,CUST-0534,Pro,2023-05-31,,active,469.11
SUB-CUST-0535,CUST-0535,Enterprise,2023-01-04,2023-10-25,churned,544.48
SUB-CUST-0536,CUST-0536,Basic,2024-04-09,,active,61.41
SUB-CUST-0537,CUST-0537,Enterprise,2023-07-13,2023-08-22,churned,488.09
SUB-CUST-0538,CUST-0538,Basic,2023-09-16,2023-10-20,churned,31.72
SUB-CUST-0539,CUST-0539,Pro,2024-07-12,2024-11-15,churned,795.85
SUB-CUST-0540,CUST-0540,Enterprise,2023-03-28,2024-06-06,churned,124.54
SUB-CUST-0541,CUST-0541,Pro,2023-12-31,,active,762.99
SUB-CUST-0542,CUST-0542,Enterprise,2024-01-14,2024-07-03,churned,76.03
SUB-CUST-0543,CUST-0543,Pro,2024-11-14,,active,226.77
SUB-CUST-0544,CUST-0544,Enterprise,2024-09-25,2024-12-15,churned,467.97
SUB-CUST-0545,CUST-0545,Pro,2024-01-05,,active,758.12
SUB-CUST-0546,CUST-0546,Pro,2024-07-18,2024-10-04,churned,57.83
SUB-CUST-0547,CUST-0547,Enterprise,2023-01-10,2023-08-02,churned,32.92
SUB-CUST-0548,CUST-0548,Basic,2023-02-09,2024-10-03,churned,166.7
SUB-CUST-0549,CUST-0549,Pro,2024-06-05,,active,104.83
SUB-CUST-0550,CUST-0550,Basic,2023-10-13,2024-07-09,churned,122.51
SUB-CUST-0551,CUST-0551,Pro,2024-04-26,2024-11-16,churned,435.99
SUB-CUST-0552,CUST-0552,Pro,2024-10-18,2024-11-29,churned,266.71
SUB-CUST-0553,CUST-0553,Pro,2024-11-09,2024-12-11,churned,264.6
SUB-CUST-0554,CUST-0554,Basic,2024-10-03,2024-11-15,churned,63.5
SUB-CUST-0555,CUST-0555,Pro,2023-11-16,2024-10-25,churned,833.73
SUB-CUST-0556,CUST-0556,Basic,2024-06-25,2024-12-08,churned,168.35
SUB-CUST-0557,CUST-0557,Basic,2024-03-10,,active,4027.39
SUB-CUST-0558,CUST-0558,Pro,2023-01-15,2023-05-30,churned,268.25
SUB-CUST-0559,CUST-0559,Pro,2023-07-14,2024-01-08,churned,254.96
SUB-CUST-0560,CUST-0560,Pro,2023-08-15,2024-12-18,churned,220.7
SUB-CUST-0561,CUST-0561,Basic,2023-03-15,2023-05-03,churned,275.72
SUB-CUST-0562,CUST-0562,Pro,2023-04-03,2023-09-06,churned,54.48
SUB-CUST-0563,CUST-0563,Basic,2023-05-11,,active,2023.16
SUB-CUST-0564,CUST-0564,Basic,2024-05-12,2024-12-04,churned,756.84
SUB-CUST-0565,CUST-0565,Basic,2024-04-10,2024-06-18,churned,185.82
SUB-CUST-0566,CUST-0566,Enterprise,2024-05-03,2024-11-08,churned,74.24
SUB-CUST-0567,CUST-0567,Basic,2024-02-21,,active,1419.66
SUB-CUST-0568,CUST-0568,Pro,2024-01-13,,active,2990.96
SUB-CUST-0569,CUST-0569,Pro,2023-11-28,2024-10-03,churned,151.44
SUB-CUST-0570,CUST-0570,Enterprise,2024-05-09,2024-07-06,churned,49.68
SUB-CUST-0571,CUST-0571,Basic,2023-10-07,2024-11-10,churned,38.2
SUB-CUST-0572,CUST-0572,Basic,2023-09-22,2023-11-16,churned,983.13
SUB-CUST-0573,CUST-0573,Pro,2023-04-09,,active,2440.86
SUB-CUST-0574,CUST-0574,Enterprise,2023-06-30,2023-12-18,churned,4561.17
SUB-CUST-0575,CUST-0575,Pro,2023-04-08,2023-08-11,churned,158.43
SUB-CUST-0576,CUST-0576,Enterprise,2024-10-23,2024-12-16,churned,149.06
SUB-CUST-0577,CUST-0577,Basic,2024-02-26,2024-04-26,churned,857.04
SUB-CUST-0578,CUST-0578,Basic,2024-11-24,2024-12-31,churned,23.65
SUB-CUST-0579,CUST-0579,Enterprise,2023-08-16,,active,3445.43
SUB-CUST-0580,CUST-0580,Basic,2023-07-30,2023-09-21,churned,5.53
SUB-CUST-0581,CUST-0581,Enterprise,2023-02-22,2024-11-03,churned,266.08
SUB-CUST-0582,CUST-0582,Enterprise,2023-11-05,2024-08-28,churned,32.82
SUB-CUST-0583,CUST-0583,Enterprise,2024-10-13,2024-12-24,churned,230.66
SUB-CUST-0584,CUST-0584,Basic,2024-05-14,,active,3233.38
SUB-CUST-0585,CUST-0585,Basic,2024-02-06,,active,628.03
SUB-CUST-0586,CUST-0586,Basic,2024-03-11,2024-12-25,churned,131.72
SUB-CUST-0587,CUST-0587,Basic,2023-05-19,2024-09-18,churned,107.75
SUB-CUST-0588,CUST-0588,Basic,2024-07-22,2024-08-25,churned,294.17
SUB-CUST-0589,CUST-0589,Enterprise,2023-11-19,2024-10-23,churned,186.27
SUB-CUST-0590,CUST-0590,Basic,2023-01-07,2023-04-02,churned,618.89
SUB-CUST-0591,CUST-0591,Enterprise,2024-01-28,,active,733.21
SUB-CUST-0592,CUST-0592,Pro,2023-05-02,2024-05-15,churned,238.83
SUB-CUST-0593,CUST-0593,Enterprise,2024-09-29,2024-11-15,churned,332.0
SUB-CUST-0594,CUST-0594,Basic,2024-05-08,2024-09-15,churned,97.98
SUB-CUST-0595,CUST-0595,Pro,2023-05-07,2023-10-10,churned,375.33
SUB-CUST-0596,CUST-0596,Pro,2023-04-19,2024-12-05,churned,0.21
SUB-CUST-0597,CUST-0597,Enterprise,2024-02-15,2024-06-12,churned,38.27
SUB-CUST-0598,CUST-0598,Enterprise,2024-01-07,,active,199.14
SUB-CUST-0599,CUST-0599,Pro,2023-04-03,2024-02-07,churned,44.88
SUB-CUST-0600,CUST-0600,Pro,2024-01-15,2024-11-02,churned,393.23
SUB-CUST-0601,CUST-0601,Basic,2024-11-29,,active,953.92
SUB-CUST-0602,CUST-0602,Enterprise,2024-01-17,2024-05-17,churned,943.91
SUB-CUST-0603,CUST-0603,Enterprise,2023-11-07,,active,831.78
SUB-CUST-0604,CUST-0604,Pro,2023-07-10,,active,924.81
SUB-CUST-0605,CUST-0605,Pro,2023-04-11,2023-12-01,churned,85.33
SUB-CUST-0606,CUST-0606,Basic,2024-03-04,2024-09-01,churned,402.35
SUB-CUST-0607,CUST-0607,Basic,2023-03-18,2024-11-12,churned,162.15
SUB-CUST-0608,CUST-0608,Enterprise,2024-11-04,2024-12-13,churned,245.08
SUB-CUST-0609,CUST-0609,Pro,2023-02-12,,active,288.18
SUB-CUST-0610,CUST-0610,Basic,2024-06-15,2024-11-05,churned,111.84
SUB-CUST-0611,CUST-0611,Basic,2023-11-22,,active,4857.16
SUB-CUST-0612,CUST-0612,Pro,2023-09-30,2023-11-19,churned,36.02
SUB-CUST-0613,CUST-0613,Pro,2024-10-07,2024-11-27,churned,195.0
SUB-CUST-0614,CUST-0614,Pro,2023-04-12,2024-03-15,churned,129.66
SUB-CUST-0615,CUST-0615,Enterprise,2024-03-13,2024-07-15,churned,225.92
SUB-CUST-0616,CUST-0616,Basic,2024-03-04,2024-07-25,churned,183.26
SUB-CUST-0617,CUST-0617,Pro,2023-04-16,2024-11-09,churned,103.61
SUB-CUST-0618,CUST-0618,Enterprise,2023-11-22,2024-11-14,churned,135.5
SUB-CUST-0619,CUST-0619,Pro,2024-11-09,2024-12-12,churned,33.45
SUB-CUST-0620,CUST-0620,Enterprise,2023-05-31,2024-12-07,churned,178.22
SUB-CUST-0621,CUST-0621,Basic,2024-05-04,2024-10-12,churned,273.57
SUB-CUST-0622,CUST-0622,Basic,2023-03-07,2023-06-12,churned,37.89
SUB-CUST-0623,CUST-0623,Enterprise,2024-09-14,,active,1822.32
SUB-CUST-0624,CUST-0624,Pro,2024-07-18,,active,407.47
SUB-CUST-0625,CUST-0625,Enterprise,2024-10-22,2024-11-25,churned,93.5
SUB-CUST-0626,CUST-0626,Basic,2024-10-23,2024-12-12,churned,161.78
SUB-CUST-0627,CUST-0627,Enterprise,2023-05-30,,active,748.35
SUB-CUST-0628,CUST-0628,Basic,2023-05-27,,active,350.74
SUB-CUST-0629,CUST-0629,Pro,2024-11-29,,active,496.78
SUB-CUST-0630,CUST-0630,Enterprise,2023-02-21,2024-04-26,churned,672.89
SUB-CUST-0631,CUST-0631,Enterprise,2024-11-04,,active,270.74
SUB-CUST-0632,CUST-0632,Enterprise,2024-01-31,2024-03-03,churned,687.99
SUB-CUST-0633,CUST-0633,Enterprise,2024-10-13,2024-12-29,churned,961.94
SUB-CUST-0634,CUST-0634,Basic,2024-02-13,2024-06-04,churned,210.48
SUB-CUST-0635,CUST-0635,Enterprise,2024-05-16,2024-06-28,churned,94.34
SUB-CUST-0636,CUST-0636,Pro,2023-02-11,2024-10-27,churned,65.84
SUB-CUST-0637,CUST-0637,Basic,2024-01-28,2024-04-02,churned,212.87
SUB-CUST-0638,CUST-0638,Basic,2023-09-23,2024-08-17,churned,730.82
SUB-CUST-0639,CUST-0639,Pro,2024-09-19,,active,4834.64
SUB-CUST-0640,CUST-0640,Basic,2023-01-02,2024-02-04,churned,747.95
SUB-CUST-0641,CUST-0641,Basic,2023-11-09,2024-09-16,churned,550.76
SUB-CUST-0642,CUST-0642,Basic,2024-04-01,2024-09-15,churned,4434.85
SUB-CUST-0643,CUST-0643,Enterprise,2024-09-09,,active,923.58
SUB-CUST-0644,CUST-0644,Enterprise,2023-06-18,2024-04-09,churned,1851.04
SUB-CUST-0645,CUST-0645,Enterprise,2024-04-21,2024-12-04,churned,403.89
SUB-CUST-0646,CUST-0646,Basic,2024-09-12,2024-12-15,churned,656.78
SUB-CUST-0647,CUST-0647,Enterprise,2023-06-26,,active,1561.48
SUB-CUST-0648,CUST-0648,Pro,2024-09-04,2024-11-01,churned,637.97
SUB-CUST-0649,CUST-0649,Pro,2023-05-02,2024-11-12,churned,107.5
SUB-CUST-0650,CUST-0650,Basic,2024-09-12,2024-11-22,churned,43.2
SUB-CUST-0651,CUST-0651,Basic,2023-04-13,,active,2053.26
SUB-CUST-0652,CUST-0652,Pro,2024-01-09,2024-10-29,churned,212.33
SUB-CUST-0653,CUST-0653,Pro,2024-06-28,,active,546.68
SUB-CUST-0654,CUST-0654,Enterprise,2024-10-16,2024-11-19,churned,397.14
SUB-CUST-0655,CUST-0655,Enterprise,2023-11-02,2024-01-31,churned,88.34
SUB-CUST-0656,CUST-0656,Pro,2023-03-03,,active,3881.02
SUB-CUST-0657,CUST-0657,Basic,2024-04-15,2024-07-16,churned,752.43
SUB-CUST-0658,CUST-0658,Basic,2023-01-24,,active,177.16
SUB-CUST-0659,CUST-0659,Enterprise,2023-05-07,,active,94.01
SUB-CUST-0660,CUST-0660,Basic,2023-12-13,,active,3911.9
SUB-CUST-0661,CUST-0661,Basic,2023-12-03,,active,629.52
SUB-CUST-0662,CUST-0662,Enterprise,2024-03-19,,active,4281.81
SUB-CUST-0663,CUST-0663,Enterprise,2024-07-08,,active,220.4
SUB-CUST-0664,CUST-0664,Enterprise,2024-06-07,2024-08-27,churned,145.37
SUB-CUST-0665,CUST-0665,Enterprise,2024-04-01,,active,3422.04
SUB-CUST-0666,CUST-0666,Basic,2023-04-10,,active,3125.72
SUB-CUST-0667,CUST-0667,Enterprise,2023-08-22,2024-10-21,churned,26.43
SUB-CUST-0668,CUST-0668,Pro,2024-10-05,2024-11-18,churned,59.86
SUB-CUST-0669,CUST-0669,Enterprise,2023-06-25,,active,818.23
SUB-CUST-0670,CUST-0670,Pro,2024-08-28,2024-10-07,churned,112.63
SUB-CUST-0671,CUST-0671,Enterprise,2024-01-02,2024-02-04,churned,50.37
SUB-CUST-0672,CUST-0672,Pro,2023-11-09,2024-05-18,churned,562.15
SUB-CUST-0673,CUST-0673,Pro,2023-03-11,2024-10-09,churned,211.89
SUB-CUST-0674,CUST-0674,Pro,2023-01-21,2023-09-16,churned,993.27
SUB-CUST-0675,CUST-0675,Enterprise,2023-04-08,2024-03-17,churned,188.77
SUB-CUST-0676,CUST-0676,Enterprise,2024-08-03,,active,897.64
SUB-CUST-0677,CUST-0677,Pro,2024-02-21,2024-12-07,churned,4796.98
SUB-CUST-0678,CUST-0678,Basic,2024-01-22,2024-04-07,churned,290.14
SUB-CUST-0679,CUST-0679,Basic,2023-11-26,2024-11-01,churned,114.77
SUB-CUST-0680,CUST-0680,Enterprise,2024-09-17,,active,664.18
SUB-CUST-0681,CUST-0681,Enterprise,2024-10-06,2024-12-17,churned,606.84
SUB-CUST-0682,CUST-0682,Enterprise,2023-06-15,2024-03-08,churned,198.88
SUB-CUST-0683,CUST-0683,Basic,2023-04-05,,active,212.75
SUB-CUST-0684,CUST-0684,Basic,2024-10-21,2024-12-23,churned,147.79
SUB-CUST-0685,CUST-0685,Enterprise,2023-07-22,,active,807.57
SUB-CUST-0686,CUST-0686,Pro,2023-04-13,2023-11-28,churned,13.55
SUB-CUST-0687,CUST-0687,Enterprise,2023-12-26,2024-03-02,churned,150.78
SUB-CUST-0688,CUST-0688,Enterprise,2023-02-12,2024-09-14,churned,39.34
SUB-CUST-0689,CUST-0689,Pro,2023-12-27,2024-07-17,churned,27.6
SUB-CUST-0690,CUST-0690,Basic,2024-10-10,2024-12-29,churned,480.22
SUB-CUST-0691,CUST-0691,Basic,2023-01-15,2023-11-10,churned,137.27
SUB-CUST-0692,CUST-0692,Basic,2023-09-16,2024-07-25,churned,236.2
SUB-CUST-0693,CUST-0693,Pro,2023-03-15,2023-10-25,churned,272.58
SUB-CUST-0694,CUST-0694,Basic,2024-06-13,2024-09-02,churned,910.05
SUB-CUST-0695,CUST-0695,Enterprise,2023-05-16,,active,75.67
SUB-CUST-0696,CUST-0696,Pro,2024-07-15,2024-12-15,churned,3165.9
SUB-CUST-0697,CUST-0697,Pro,2023-09-27,,active,988.77
SUB-CUST-0698,CUST-0698,Enterprise,2024-05-02,2024-07-27,churned,44.88
SUB-CUST-0699,CUST-0699,Basic,2023-06-28,,active,595.8
SUB-CUST-0700,CUST-0700,Enterprise,2023-05-12,2023-10-12,churned,220.58
SUB-CUST-0701,CUST-0701,Enterprise,2024-03-03,2024-10-13,churned,51.1
SUB-CUST-0702,CUST-0702,Basic,2023-01-29,2023-11-24,churned,264.46
SUB-CUST-0703,CUST-0703,Basic,2024-10-26,2024-12-22,churned,16.81
SUB-CUST-0704,CUST-0704,Basic,2024-09-09,2024-12-21,churned,149.15
SUB-CUST-0705,CUST-0705,Enterprise,2024-04-29,,active,3883.26
SUB-CUST-0706,CUST-0706,Basic,2023-07-05,2024-11-30,churned,249.01
SUB-CUST-0707,CUST-0707,Enterprise,2023-12-03,,active,995.9
SUB-CUST-0708,CUST-0708,Enterprise,2023-02-12,,active,2200.14
SUB-CUST-0709,CUST-0709,Pro,2024-07-03,2024-10-06,churned,89.84
SUB-CUST-0710,CUST-0710,Pro,2024-02-19,2024-12-30,churned,481.58
SUB-CUST-0711,CUST-0711,Basic,2024-05-25,2024-11-26,churned,136.77
SUB-CUST-0712,CUST-0712,Pro,2024-02-18,2024-12-05,churned,13.95
SUB-CUST-0713,CUST-0713,Basic,2024-11-12,2024-12-16,churned,120.63
SUB-CUST-0714,CUST-0714,Basic,2024-06-06,,active,699.57
SUB-CUST-0715,CUST-0715,Pro,2024-05-20,2024-12-17,churned,127.37
SUB-CUST-0716,CUST-0716,Pro,2024-10-04,,active,160.22
SUB-CUST-0717,CUST-0717,Basic,2023-08-22,2024-09-27,churned,94.97
SUB-CUST-0718,CUST-0718,Enterprise,2024-03-18,2024-12-15,churned,148.26
SUB-CUST-0719,CUST-0719,Basic,2024-04-10,,active,3095.93
SUB-CUST-0720,CUST-0720,Basic,2024-01-18,2024-06-13,churned,281.9
SUB-CUST-0721,CUST-0721,Basic,2024-07-24,,active,391.76
SUB-CUST-0722,CUST-0722,Enterprise,2023-10-30,,active,2300.81
SUB-CUST-0723,CUST-0723,Enterprise,2023-02-11,2024-11-07,churned,286.12
SUB-CUST-0724,CUST-0724,Pro,2023-05-10,2024-05-29,churned,747.03
SUB-CUST-0725,CUST-0725,Pro,2024-04-21,,active,2767.44
SUB-CUST-0726,CUST-0726,Pro,2024-01-26,2024-05-04,churned,179.83
SUB-CUST-0727,CUST-0727,Pro,2023-04-11,,active,780.75
SUB-CUST-0728,CUST-0728,Basic,2024-04-19,,active,4191.86
SUB-CUST-0729,CUST-0729,Basic,2024-10-04,2024-11-18,churned,269.54
SUB-CUST-0730,CUST-0730,Enterprise,2023-04-02,2024-10-12,churned,68.8
SUB-CUST-0731,CUST-0731,Basic,2023-02-02,2023-09-12,churned,671.83
SUB-CUST-0732,CUST-0732,Enterprise,2024-09-27,2024-11-30,churned,208.22
SUB-CUST-0733,CUST-0733,Basic,2023-01-03,2024-08-02,churned,53.85
SUB-CUST-0734,CUST-0734,Basic,2023-04-30,2023-06-07,churned,80.26
SUB-CUST-0735,CUST-0735,Pro,2024-01-08,2024-10-19,churned,103.3
SUB-CUST-0736,CUST-0736,Basic,2023-08-28,,active,259.89
SUB-CUST-0737,CUST-0737,Pro,2024-04-06,2024-12-07,churned,166.54
SUB-CUST-0738,CUST-0738,Basic,2024-03-07,2024-11-18,churned,241.04
SUB-CUST-0739,CUST-0739,Basic,2023-04-25,,active,838.93
SUB-CUST-0740,CUST-0740,Enterprise,2024-09-23,2024-10-28,churned,518.16
SUB-CUST-0741,CUST-0741,Enterprise,2023-05-02,2023-07-24,churned,208.63
SUB-CUST-0742,CUST-0742,Pro,2023-09-30,2024-12-09,churned,157.54
SUB-CUST-0743,CUST-0743,Enterprise,2023-12-03,,active,109.77
SUB-CUST-0744,CUST-0744,Enterprise,2023-12-25,2024-03-10,churned,71.37
SUB-CUST-0745,CUST-0745,Pro,2023-03-27,2023-06-26,churned,48.85
SUB-CUST-0746,CUST-0746,Enterprise,2024-11-06,,active,107.17
SUB-CUST-0747,CUST-0747,Basic,2023-09-29,2024-11-02,churned,314.93
SUB-CUST-0748,CUST-0748,Pro,2023-08-20,2024-09-09,churned,605.81
SUB-CUST-0749,CUST-0749,Enterprise,2023-09-12,,active,526.25
SUB-CUST-0750,CUST-0750,Enterprise,2023-05-20,2024-03-14,churned,87.76
SUB-CUST-0751,CUST-0751,Basic,2024-09-08,2024-10-31,churned,208.51
SUB-CUST-0752,CUST-0752,Enterprise,2023-07-31,,active,1955.15
SUB-CUST-0753,CUST-0753,Enterprise,2024-02-19,2024-06-06,churned,219.81
SUB-CUST-0754,CUST-0754,Basic,2024-02-08,2024-04-12,churned,129.51
SUB-CUST-0755,CUST-0755,Basic,2024-04-15,,active,1808.32
SUB-CUST-0756,CUST-0756,Pro,2023-06-25,,active,667.55
SUB-CUST-0757,CUST-0757,Enterprise,2023-06-19,2024-02-17,churned,228.46
SUB-CUST-0758,CUST-0758,Pro,2024-04-17,2024-11-23,churned,746.6
SUB-CUST-0759,CUST-0759,Pro,2024-05-03,2024-06-20,churned,2063.26
SUB-CUST-0760,CUST-0760,Pro,2023-09-17,2024-07-15,churned,4.76
SUB-CUST-0761,CUST-0761,Basic,2024-10-04,,active,473.89
SUB-CUST-0762,CUST-0762,Enterprise,2024-11-11,,active,835.63
SUB-CUST-0763,CUST-0763,Pro,2023-05-29,,active,1667.24
SUB-CUST-0764,CUST-0764,Pro,2023-05-27,,active,673.2
SUB-CUST-0765,CUST-0765,Enterprise,2023-07-21,,active,2649.37
SUB-CUST-0766,CUST-0766,Enterprise,2024-06-12,,active,449.54
SUB-CUST-0767,CUST-0767,Pro,2024-07-02,2024-08-09,churned,21.93
SUB-CUST-0768,CUST-0768,Basic,2024-08-20,2024-10-27,churned,994.39
SUB-CUST-0769,CUST-0769,Enterprise,2024-10-07,2024-11-23,churned,254.48
SUB-CUST-0770,CUST-0770,Pro,2023-09-13,2024-02-25,churned,164.09
SUB-CUST-0771,CUST-0771,Enterprise,2024-07-06,2024-11-15,churned,251.77
SUB-CUST-0772,CUST-0772,Enterprise,2023-09-16,2024-12-11,churned,854.24
SUB-CUST-0773,CUST-0773,Enterprise,2024-01-14,,active,509.97
SUB-CUST-0774,CUST-0774,Pro,2023-10-24,,active,4687.49
SUB-CUST-0775,CUST-0775,Enterprise,2024-04-22,,active,1906.87
SUB-CUST-0776,CUST-0776,Basic,2024-11-09,2024-12-27,churned,180.1
SUB-CUST-0777,CUST-0777,Pro,2023-12-05,,active,217.41
SUB-CUST-0778,CUST-0778,Pro,2024-07-11,2024-09-12,churned,121.45
SUB-CUST-0779,CUST-0779,Pro,2024-03-19,2024-05-31,churned,334.47
SUB-CUST-0780,CUST-0780,Basic,2024-07-07,2024-12-27,churned,1521.5
SUB-CUST-0781,CUST-0781,Enterprise,2023-04-03,,active,437.07
SUB-CUST-0782,CUST-0782,Enterprise,2023-09-01,2024-09-15,churned,115.56
SUB-CUST-0783,CUST-0783,Pro,2023-09-06,2024-03-18,churned,596.05
SUB-CUST-0784,CUST-0784,Pro,2023-11-20,,active,1677.02
SUB-CUST-0785,CUST-0785,Basic,2023-01-26,2024-03-13,churned,280.05
SUB-CUST-0786,CUST-0786,Basic,2023-03-20,,active,469.89
SUB-CUST-0787,CUST-0787,Basic,2023-03-14,2024-08-07,churned,250.07
SUB-CUST-0788,CUST-0788,Pro,2023-08-19,,active,448.1
SUB-CUST-0789,CUST-0789,Enterprise,2023-10-31,,active,993.62
SUB-CUST-0790,CUST-0790,Basic,2023-03-05,2023-09-25,churned,763.81
SUB-CUST-0791,CUST-0791,Basic,2023-05-10,2023-06-17,churned,3471.86
SUB-CUST-0792,CUST-0792,Basic,2023-10-27,2024-01-20,churned,938.1
SUB-CUST-0793,CUST-0793,Basic,2023-08-31,,active,144.18
SUB-CUST-0794,CUST-0794,Enterprise,2024-04-16,,active,3126.24
SUB-CUST-0795,CUST-0795,Pro,2024-07-14,2024-12-16,churned,279.57
SUB-CUST-0796,CUST-0796,Enterprise,2024-06-25,2024-09-23,churned,136.98
SUB-CUST-0797,CUST-0797,Basic,2023-10-28,,active,914.2
SUB-CUST-0798,CUST-0798,Basic,2024-02-12,2024-05-22,churned,134.45
SUB-CUST-0799,CUST-0799,Enterprise,2023-03-03,2024-02-15,churned,192.22
SUB-CUST-0800,CUST-0800,Enterprise,2023-02-04,2024-09-10,churned,444.52
SUB-CUST-0801,CUST-0801,Pro,2024-11-18,2024-12-20,churned,225.28
SUB-CUST-0802,CUST-0802,Basic,2023-09-02,,active,188.34
SUB-CUST-0803,CUST-0803,Pro,2023-09-27,2024-04-07,churned,1582.09
SUB-CUST-0804,CUST-0804,Enterprise,2023-05-29,,active,282.44
SUB-CUST-0805,CUST-0805,Enterprise,2023-09-12,,active,1427.09
SUB-CUST-0806,CUST-0806,Basic,2023-07-04,,active,728.04
SUB-CUST-0807,CUST-0807,Pro,2023-12-11,2024-11-14,churned,243.96
SUB-CUST-0808,CUST-0808,Basic,2023-07-29,2023-12-04,churned,2965.78
SUB-CUST-0809,CUST-0809,Pro,2023-11-22,,active,1060.06
SUB-CUST-0810,CUST-0810,Pro,2024-01-16,,active,1264.55
SUB-CUST-0811,CUST-0811,Pro,2023-07-19,,active,905.88
SUB-CUST-0812,CUST-0812,Pro,2023-10-17,,active,876.21
SUB-CUST-0813,CUST-0813,Basic,2023-04-29,,active,615.68
SUB-CUST-0814,CUST-0814,Basic,2023-11-21,2024-11-07,churned,1.92
SUB-CUST-0815,CUST-0815,Pro,2023-11-15,2024-05-09,churned,270.1
SUB-CUST-0816,CUST-0816,Pro,2024-07-04,2024-09-08,churned,278.76
SUB-CUST-0817,CUST-0817,Enterprise,2024-11-11,,active,379.11
SUB-CUST-0818,CUST-0818,Enterprise,2024-07-05,2024-11-28,churned,129.87
SUB-CUST-0819,CUST-0819,Enterprise,2023-03-24,2023-10-07,churned,130.02
SUB-CUST-0820,CUST-0820,Enterprise,2024-11-16,2024-12-28,churned,161.35
SUB-CUST-0821,CUST-0821,Enterprise,2023-05-13,2024-05-20,churned,144.15
SUB-CUST-0822,CUST-0822,Pro,2024-05-25,,active,1715.47
SUB-CUST-0823,CUST-0823,Basic,2023-12-15,2024-04-15,churned,971.72
SUB-CUST-0824,CUST-0824,Pro,2024-01-03,2024-10-13,churned,240.35
SUB-CUST-0825,CUST-0825,Pro,2023-01-30,2024-06-30,churned,644.93
SUB-CUST-0826,CUST-0826,Pro,2023-09-01,2024-07-07,churned,199.03
SUB-CUST-0827,CUST-0827,Basic,2024-08-30,2024-10-03,churned,86.06
SUB-CUST-0828,CUST-0828,Basic,2023-08-07,2023-12-06,churned,70.93
SUB-CUST-0829,CUST-0829,Basic,2023-08-06,2023-09-23,churned,36.72
SUB-CUST-0830,CUST-0830,Enterprise,2023-10-01,2024-06-05,churned,143.73
SUB-CUST-0831,CUST-0831,Pro,2023-03-22,,active,385.29
SUB-CUST-0832,CUST-0832,Basic,2023-10-19,,active,786.38
SUB-CUST-0833,CUST-0833,Enterprise,2023-01-17,,active,781.37
SUB-CUST-0834,CUST-0834,Enterprise,2024-02-18,,active,521.23
SUB-CUST-0835,CUST-0835,Pro,2024-04-10,,active,646.98
SUB-CUST-0836,CUST-0836,Basic,2024-09-16,,active,1930.89
SUB-CUST-0837,CUST-0837,Basic,2024-04-25,2024-12-28,churned,205.37
SUB-CUST-0838,CUST-0838,Basic,2024-05-15,2024-11-24,churned,132.45
SUB-CUST-0839,CUST-0839,Enterprise,2023-12-07,2024-06-07,churned,477.84
SUB-CUST-0840,CUST-0840,Pro,2024-10-23,,active,1455.35
SUB-CUST-0841,CUST-0841,Enterprise,2023-12-29,,active,1776.06
SUB-CUST-0842,CUST-0842,Enterprise,2024-05-26,,active,3582.61
SUB-CUST-0843,CUST-0843,Basic,2024-03-31,,active,869.1
SUB-CUST-0844,CUST-0844,Basic,2024-07-13,,active,774.06
SUB-CUST-0845,CUST-0845,Basic,2023-06-04,,active,4552.12
SUB-CUST-0846,CUST-0846,Enterprise,2023-08-11,2023-12-03,churned,142.81
SUB-CUST-0847,CUST-0847,Enterprise,2024-09-28,2024-12-06,churned,78.21
SUB-CUST-0848,CUST-0848,Pro,2024-06-30,,active,70.7
SUB-CUST-0849,CUST-0849,Basic,2024-07-27,2024-09-04,churned,124.58
SUB-CUST-0850,CUST-0850,Basic,2024-07-19,,active,858.52
SUB-CUST-0851,CUST-0851,Basic,2024-09-07,2024-11-17,churned,35.89
SUB-CUST-0852,CUST-0852,Enterprise,2023-08-27,2024-12-11,churned,58.14
SUB-CUST-0853,CUST-0853,Pro,2023-09-27,2023-12-10,churned,60.01
SUB-CUST-0854,CUST-0854,Enterprise,2023-01-06,2023-02-28,churned,240.55
SUB-CUST-0855,CUST-0855,Pro,2024-01-27,2024-08-07,churned,97.14
SUB-CUST-0856,CUST-0856,Enterprise,2023-03-26,2024-11-18,churned,117.41
SUB-CUST-0857,CUST-0857,Enterprise,2024-03-05,2024-08-27,churned,684.01
SUB-CUST-0858,CUST-0858,Basic,2024-09-12,2024-12-07,churned,202.32
SUB-CUST-0859,CUST-0859,Basic,2024-11-06,2024-12-07,churned,772.17
SUB-CUST-0860,CUST-0860,Enterprise,2024-11-03,2024-12-29,churned,198.03
SUB-CUST-0861,CUST-0861,Basic,2024-01-02,2024-10-31,churned,253.36
SUB-CUST-0862,CUST-0862,Pro,2024-02-13,2024-05-02,churned,249.59
SUB-CUST-0863,CUST-0863,Enterprise,2024-03-24,2024-12-08,churned,962.27
SUB-CUST-0864,CUST-0864,Pro,2024-08-14,2024-12-22,churned,223.9
SUB-CUST-0865,CUST-0865,Basic,2023-04-25,2024-09-08,churned,167.83
SUB-CUST-0866,CUST-0866,Enterprise,2023-08-07,2024-10-28,churned,389.05
SUB-CUST-0867,CUST-0867,Pro,2023-06-21,2024-11-04,churned,349.58
SUB-CUST-0868,CUST-0868,Pro,2023-11-23,2024-08-25,churned,109.92
SUB-CUST-0869,CUST-0869,Enterprise,2024-03-14,2024-11-21,churned,222.51
SUB-CUST-0870,CUST-0870,Enterprise,2024-03-30,2024-10-28,churned,216.4
SUB-CUST-0871,CUST-0871,Pro,2023-04-03,,active,623.57
SUB-CUST-0872,CUST-0872,Pro,2024-07-03,2024-11-07,churned,3.41
SUB-CUST-0873,CUST-0873,Enterprise,2023-01-22,,active,253.26
SUB-CUST-0874,CUST-0874,Enterprise,2024-06-09,2024-12-13,churned,616.63
SUB-CUST-0875,CUST-0875,Pro,2024-01-03,2024-07-06,churned,268.36
SUB-CUST-0876,CUST-0876,Basic,2024-06-19,,active,727.43
SUB-CUST-0877,CUST-0877,Enterprise,2024-10-10,2024-12-24,churned,186.22
SUB-CUST-0878,CUST-0878,Enterprise,2023-07-17,,active,4462.72
SUB-CUST-0879,CUST-0879,Enterprise,2024-11-18,2024-12-24,churned,797.53
SUB-CUST-0880,CUST-0880,Pro,2024-11-15,2024-12-26,churned,431.57
SUB-CUST-0881,CUST-0881,Enterprise,2024-05-30,2024-07-17,churned,32.83
SUB-CUST-0882,CUST-0882,Basic,2024-01-09,2024-04-17,churned,640.2
SUB-CUST-0883,CUST-0883,Pro,2023-01-08,,active,4574.33
SUB-CUST-0884,CUST-0884,Pro,2023-04-28,,active,596.46
SUB-CUST-0885,CUST-0885,Enterprise,2023-02-13,2023-11-12,churned,200.14
SUB-CUST-0886,CUST-0886,Enterprise,2023-02-07,2023-04-16,churned,185.54
SUB-CUST-0887,CUST-0887,Enterprise,2023-01-04,2023-06-28,churned,169.38
SUB-CUST-0888,CUST-0888,Basic,2023-12-08,,active,354.69
SUB-CUST-0889,CUST-0889,Enterprise,2023-02-14,,active,763.95
SUB-CUST-0890,CUST-0890,Basic,2023-11-03,,active,931.61
SUB-CUST-0891,CUST-0891,Pro,2024-06-29,,active,627.99
SUB-CUST-0892,CUST-0892,Enterprise,2024-10-09,,active,57.83
SUB-CUST-0893,CUST-0893,Enterprise,2023-06-28,2023-09-18,churned,167.29
SUB-CUST-0894,CUST-0894,Pro,2024-08-03,2024-12-19,churned,69.63
SUB-CUST-0895,CUST-0895,Enterprise,2024-09-28,2024-11-11,churned,492.38
SUB-CUST-0896,CUST-0896,Enterprise,2023-09-18,2024-11-21,churned,558.47
SUB-CUST-0897,CUST-0897,Basic,2023-10-21,2024-01-02,churned,180.85
SUB-CUST-0898,CUST-0898,Pro,2023-05-27,,active,4011.05
SUB-CUST-0899,CUST-0899,Pro,2024-02-05,,active,416.93
SUB-CUST-0900,CUST-0900,Pro,2024-11-03,,active,1463.98
SUB-CUST-0901,CUST-0901,Basic,2024-02-04,,active,962.83
SUB-CUST-0902,CUST-0902,Basic,2023-08-20,,active,401.46
SUB-CUST-0903,CUST-0903,Basic,2024-05-02,2024-06-11,churned,127.92
SUB-CUST-0904,CUST-0904,Pro,2023-07-19,2024-10-30,churned,21.16
SUB-CUST-0905,CUST-0905,Pro,2024-05-17,2024-09-24,churned,73.57
SUB-CUST-0906,CUST-0906,Pro,2024-10-08,,active,773.72
SUB-CUST-0907,CUST-0907,Enterprise,2023-03-24,2023-08-01,churned,881.35
SUB-CUST-0908,CUST-0908,Basic,2023-06-13,2023-08-16,churned,230.31
SUB-CUST-0909,CUST-0909,Basic,2024-06-18,,active,197.53
SUB-CUST-0910,CUST-0910,Basic,2024-04-24,,active,383.86
SUB-CUST-0911,CUST-0911,Pro,2024-06-29,,active,3782.61
SUB-CUST-0912,CUST-0912,Pro,2024-06-04,2024-12-21,churned,13.54
SUB-CUST-0913,CUST-0913,Pro,2023-10-15,2024-05-30,churned,2109.15
SUB-CUST-0914,CUST-0914,Basic,2023-11-14,2024-08-21,churned,12.97
SUB-CUST-0915,CUST-0915,Pro,2024-05-19,2024-12-31,churned,172.01
SUB-CUST-0916,CUST-0916,Basic,2023-07-09,2023-10-21,churned,35.05
SUB-CUST-0917,CUST-0917,Enterprise,2023-07-06,,active,1075.06
SUB-CUST-0918,CUST-0918,Pro,2024-04-12,,active,486.24
SUB-CUST-0919,CUST-0919,Pro,2023-04-08,,active,957.0
SUB-CUST-0920,CUST-0920,Pro,2023-11-21,,active,302.31
SUB-CUST-0921,CUST-0921,Pro,2024-07-02,2024-08-24,churned,124.71
SUB-CUST-0922,CUST-0922,Basic,2024-06-11,2024-12-23,churned,163.91
SUB-CUST-0923,CUST-0923,Basic,2023-07-13,2024-02-27,churned,32.38
SUB-CUST-0924,CUST-0924,Basic,2024-01-28,2024-05-08,churned,207.2
SUB-CUST-0925,CUST-0925,Basic,2024-11-06,,active,714.47
SUB-CUST-0926,CUST-0926,Basic,2023-08-15,,active,974.5
SUB-CUST-0927,CUST-0927,Basic,2024-09-10,2024-10-25,churned,245.94
SUB-CUST-0928,CUST-0928,Basic,2024-06-18,2024-12-13,churned,42.64
SUB-CUST-0929,CUST-0929,Basic,2023-12-13,2024-11-23,churned,641.74
SUB-CUST-0930,CUST-0930,Basic,2024-05-18,,active,207.17
SUB-CUST-0931,CUST-0931,Basic,2023-10-12,,active,1255.83
SUB-CUST-0932,CUST-0932,Enterprise,2024-11-08,2024-12-31,churned,99.66
SUB-CUST-0933,CUST-0933,Basic,2023-05-08,2024-05-01,churned,220.02
SUB-CUST-0934,CUST-0934,Basic,2024-02-08,2024-10-07,churned,79.19
SUB-CUST-0935,CUST-0935,Enterprise,2024-04-13,2024-06-07,churned,280.42
SUB-CUST-0936,CUST-0936,Basic,2023-11-16,,active,1062.52
SUB-CUST-0937,CUST-0937,Pro,2023-06-19,2024-05-04,churned,34.63
SUB-CUST-0938,CUST-0938,Basic,2024-03-13,2024-11-08,churned,208.96
SUB-CUST-0939,CUST-0939,Basic,2024-10-14,,active,801.32
SUB-CUST-0940,CUST-0940,Basic,2024-06-13,2024-11-25,churned,188.43
SUB-CUST-0941,CUST-0941,Pro,2024-11-13,,active,4947.13
SUB-CUST-0942,CUST-0942,Pro,2023-02-07,2024-07-06,churned,77.17
SUB-CUST-0943,CUST-0943,Pro,2023-09-19,,active,330.14
SUB-CUST-0944,CUST-0944,Pro,2023-03-30,,active,203.2
SUB-CUST-0945,CUST-0945,Pro,2024-02-26,2024-04-10,churned,946.48
SUB-CUST-0946,CUST-0946,Pro,2023-02-02,2024-10-17,churned,107.82
SUB-CUST-0947,CUST-0947,Pro,2023-10-15,2024-01-09,churned,927.96
SUB-CUST-0948,CUST-0948,Basic,2023-04-03,2023-12-14,churned,152.15
SUB-CUST-0949,CUST-0949,Basic,2023-06-04,2024-10-11,churned,157.97
SUB-CUST-0950,CUST-0950,Basic,2023-09-09,2024-02-24,churned,228.96
SUB-CUST-0951,CUST-0951,Pro,2023-08-30,2023-11-24,churned,191.17
SUB-CUST-0952,CUST-0952,Enterprise,2024-08-25,,active,134.89
SUB-CUST-0953,CUST-0953,Enterprise,2023-10-22,2024-06-18,churned,686.38
SUB-CUST-0954,CUST-0954,Enterprise,2024-10-30,2024-12-26,churned,885.06
SUB-CUST-0955,CUST-0955,Enterprise,2024-03-11,,active,193.87
SUB-CUST-0956,CUST-0956,Enterprise,2024-08-30,,active,60.06
SUB-CUST-0957,CUST-0957,Basic,2023-08-23,2024-09-12,churned,147.58
SUB-CUST-0958,CUST-0958,Basic,2024-11-11,2024-12-24,churned,188.62
SUB-CUST-0959,CUST-0959,Enterprise,2023-03-22,2024-08-24,churned,210.91
SUB-CUST-0960,CUST-0960,Basic,2024-02-11,,active,899.69
SUB-CUST-0961,CUST-0961,Pro,2023-03-07,,active,4496.8
SUB-CUST-0962,CUST-0962,Pro,2024-08-12,,active,1282.79
SUB-CUST-0963,CUST-0963,Enterprise,2024-11-09,2024-12-28,churned,237.22
SUB-CUST-0964,CUST-0964,Enterprise,2024-03-22,,active,1323.84
SUB-CUST-0965,CUST-0965,Enterprise,2024-02-05,,active,1443.87
SUB-CUST-0966,CUST-0966,Enterprise,2023-11-28,2024-10-10,churned,211.04
SUB-CUST-0967,CUST-0967,Enterprise,2023-11-01,2024-08-01,churned,11.69
SUB-CUST-0968,CUST-0968,Pro,2023-03-19,,active,4043.54
SUB-CUST-0969,CUST-0969,Enterprise,2024-04-08,2024-09-09,churned,64.84
SUB-CUST-0970,CUST-0970,Pro,2023-11-29,,active,671.8
SUB-CUST-0971,CUST-0971,Basic,2024-01-18,,active,4781.46
SUB-CUST-0972,CUST-0972,Basic,2023-02-24,2023-06-12,churned,146.67
SUB-CUST-0973,CUST-0973,Enterprise,2024-10-24,2024-12-06,churned,85.99
SUB-CUST-0974,CUST-0974,Pro,2024-09-01,,active,219.6
SUB-CUST-0975,CUST-0975,Basic,2024-01-04,2024-03-06,churned,210.17
SUB-CUST-0976,CUST-0976,Pro,2023-07-14,2024-01-27,churned,134.7
SUB-CUST-0977,CUST-0977,Pro,2024-11-12,,active,696.51
SUB-CUST-0978,CUST-0978,Basic,2023-05-02,2023-07-19,churned,141.98
SUB-CUST-0979,CUST-0979,Enterprise,2023-05-31,,active,416.29
SUB-CUST-0980,CUST-0980,Basic,2023-12-14,2024-12-19,churned,92.84
SUB-CUST-0981,CUST-0981,Pro,2024-04-18,2024-09-07,churned,297.44
SUB-CUST-0982,CUST-0982,Basic,2023-07-22,2024-02-13,churned,225.78
SUB-CUST-0983,CUST-0983,Pro,2023-11-22,2024-01-03,churned,413.66
SUB-CUST-0984,CUST-0984,Enterprise,2023-09-12,2024-10-24,churned,45.46
SUB-CUST-0985,CUST-0985,Enterprise,2023-01-01,,active,506.59
SUB-CUST-0986,CUST-0986,Basic,2023-02-02,2023-04-14,churned,77.08
SUB-CUST-0987,CUST-0987,Pro,2024-05-09,2024-09-30,churned,149.41
SUB-CUST-0988,CUST-0988,Pro,2023-09-17,2024-02-07,churned,209.33
SUB-CUST-0989,CUST-0989,Enterprise,2024-07-19,2024-09-09,churned,261.36
SUB-CUST-0990,CUST-0990,Basic,2023-10-30,,active,721.62
SUB-CUST-0991,CUST-0991,Basic,2023-11-11,2024-06-18,churned,262.45
SUB-CUST-0992,CUST-0992,Basic,2023-06-26,,active,293.38
SUB-CUST-0993,CUST-0993,Enterprise,2023-06-16,2023-12-30,churned,590.51
SUB-CUST-0994,CUST-0994,Pro,2023-04-16,2023-12-14,churned,195.8
SUB-CUST-0995,CUST-0995,Basic,2023-12-10,2024-02-23,churned,289.02
SUB-CUST-0996,CUST-0996,Basic,2023-03-26,2023-09-12,churned,187.95
SUB-CUST-0997,CUST-0997,Enterprise,2024-10-11,2024-11-29,churned,171.65
SUB-CUST-0998,CUST-0998,Basic,2024-01-08,2024-02-08,churned,623.95
SUB-CUST-0999,CUST-0999,Enterprise,2023-08-20,2024-08-18,churned,40.88
SUB-CUST-1000,CUST-1000,Basic,2024-05-18,2024-06-24,churned,275.7
